{"cameraMode":{"drawMode":0,"name":"Shaded","section":"Shading Mode"},"sceneLighting":true,"audioPlay":false,"sceneViewState":{"showFog":true,"showMaterialUpdate":false,"showSkybox":false,"showFlares":true,"showImageEffects":true,"showParticleSystems":true},"in2DMode":false,"pivot":{"x":427.9293518066406,"y":6.321211338043213,"z":473.1960754394531},"rotation":{"x":0.07261263579130173,"y":0.9264411926269531,"z":-0.28202036023139956,"w":0.23853445053100587},"size":856.6820068359375,"orthographic":false}